sample,gene,aa_pos,ref_aa,cons_aa,depth
H1N1 (SA_10),HA,8,L,M,8211
H1N1 (SA_10),HA,13,A,T,8222
H1N1 (SA_10),HA,36,V,L,8221
H1N1 (SA_10),HA,71,K,Q,2234
H1N1 (SA_10),HA,91,S,R,2210
H1N1 (SA_10),HA,220,S,T,6320
H1N1 (SA_10),HA,233,I,T,14299
H1N1 (SA_10),HA,241,E,A,14285.333333333334
H1N1 (SA_10),HA,267,V,A,8675.333333333334
H1N1 (SA_10),HA,273,A,T,4452.666666666667
H1N1 (SA_10),HA,276,R,K,2260.6666666666665
H1N1 (SA_10),HA,277,N,D,1579.3333333333333
H1N1 (SA_10),HA,300,K,E,1703
H1N1 (SA_10),HA,312,I,V,1809
H1N1 (SA_10),HA,325,K,R,3218.3333333333335
H1N1 (SA_10),HA,338,I,V,13802.333333333334
H1N1 (SA_10),HA,516,E,K,13211.333333333334
H1N1 (SA_10),HA,523,E,D,13194
H1N1 (SA_10),HA,527,I,T,20556.333333333332
H1N1 (SA_10),M2,21,D,G,43910.666666666664
H1N1 (SA_10),M2,23,S,N,53036.666666666664
H1N1 (SA_10),NA,188,I,T,10916
H1N1 (SA_10),NA,222,N,K,8912
H1N1 (SA_10),NA,241,V,I,9610.666666666666
H1N1 (SA_10),NA,248,N,D,13999.666666666666
H1N1 (SA_10),NA,264,V,A,9627
H1N1 (SA_10),NA,314,I,M,12387
H1N1 (SA_10),NA,321,I,V,10381
H1N1 (SA_10),NA,369,N,K,3208
H1N1 (SA_10),NA,386,N,K,1439.3333333333333
H1N1 (SA_10),NA,389,I,K,4298.666666666667
H1N1 (SA_10),NA,416,D,N,7281.666666666667
H1N1 (SA_10),NA,432,K,E,7291.666666666667
H1N1 (SA_10),NA,449,N,D,4410
H1N1 (SA_10),NA,452,T,I,4406
H1N1 (SA_10),NA,453,V,M,4405
H1N1 (SA_10),PA,5,V,L,1685.6666666666667
H1N1 (SA_10),PA,63,V,I,10458
H1N1 (SA_10),PA,100,V,I,19496.333333333332
H1N1 (SA_10),PA,224,P,S,38586.333333333336
H1N1 (SA_10),PA,225,S,C,41389.666666666664
H1N1 (SA_10),PA,262,R,K,31372.666666666668
H1N1 (SA_10),PA,321,N,K,4794.333333333333
H1N1 (SA_10),PA,330,I,V,4769
H1N1 (SA_10),PA,335,L,F,4663
H1N1 (SA_10),PA,337,A,T,4622
H1N1 (SA_10),PA,362,R,K,11286
H1N1 (SA_10),PA,438,I,V,18927
H1N1 (SA_10),PA,505,I,V,39704
